{"cameraMode":{"drawMode":0,"name":"Shaded","section":"Shading Mode"},"sceneLighting":true,"audioPlay":false,"sceneViewState":{"m_AlwaysRefresh":false,"showFog":true,"showSkybox":true,"showFlares":true,"showImageEffects":true,"showParticleSystems":true,"showVisualEffectGraphs":true,"m_FxEnabled":true},"in2DMode":false,"pivot":{"x":4.019999980926514,"y":6.159999847412109,"z":0.040000006556510928},"rotation":{"x":0.15966394543647767,"y":0.04292865842580795,"z":-0.006951657589524984,"w":0.9862291216850281},"size":4.327934741973877,"orthographic":true}