{"cameraMode":{"drawMode":0,"name":"Shaded","section":"Shading Mode"},"sceneLighting":false,"audioPlay":false,"sceneViewState":{"m_AlwaysRefresh":false,"showFog":true,"showSkybox":false,"showFlares":true,"showImageEffects":true,"showParticleSystems":true,"showVisualEffectGraphs":true,"m_FxEnabled":true},"in2DMode":false,"pivot":{"x":-0.7875667810440064,"y":-0.03653919696807861,"z":0.06243377923965454},"rotation":{"x":0.21541133522987367,"y":0.5569957494735718,"z":-0.15234819054603578,"w":0.7875052690505981},"size":4.646917343139648,"orthographic":true}