{"cameraMode":{"drawMode":0,"name":"Shaded","section":"Shading Mode"},"sceneLighting":true,"audioPlay":false,"sceneViewState":{"m_AlwaysRefresh":false,"showFog":true,"showSkybox":true,"showFlares":true,"showImageEffects":true,"showParticleSystems":true,"showVisualEffectGraphs":true,"m_FxEnabled":true},"in2DMode":false,"pivot":{"x":0.31184983253479006,"y":0.9267149567604065,"z":-0.41480034589767458},"rotation":{"x":-0.03789336979389191,"y":-0.9490199685096741,"z":0.1254214346408844,"w":-0.28670382499694826},"size":0.37030738592147829,"orthographic":true}